Placeholder File,Source Photo Used,Crop/Mirror Applied,Target Dimensions,Final Size (KB)
product-13.webp,collection-05.webp,"Zoom 85%, crop (45,40,555,720), Casual Wear organic linen - 85% upper tunic zoom, mirrored; Mirror: Yes (horizontal flip)",600x800,20.06
product-14.webp,collection-01.webp,"Zoom 85%, crop (45,48,555,728), Royal garnet pure silk drape - 85% upper torso zoom; Mirror: No",600x800,49.54
product-15.webp,product-03.webp,"Zoom 85%, crop (45,36,555,716), Antique gold tissue suit - 85% bodice & dupatta zoom; Mirror: No",600x800,46.42
product-16.webp,collection-07.webp,"Zoom 85%, crop (45,56,555,736), Zardozi wire vest - 85% upper embroidery zoom, mirrored; Mirror: Yes (horizontal flip)",600x800,58.67
product-17.webp,product-01.webp,"Zoom 80%, crop (60,48,540,688), Crimson silk kurta - 80% neckline zoom, mirrored; Mirror: Yes (horizontal flip)",600x800,24.61
product-18.webp,product-02.webp,"Zoom 85%, crop (45,36,555,716), Emerald silk saree - 85% pallu & pleats zoom; Mirror: No",600x800,63.66
product-19.webp,product-05.webp,"Zoom 85%, crop (45,36,555,716), Ivory French lace gown - 85% neckline & bodice zoom; Mirror: No",600x800,19.49
product-20.webp,product-09.webp,"Zoom 85%, crop (45,36,555,716), Blush pink pleated organza - 85% tunic & stole zoom; Mirror: No",600x800,42.29
product-21.webp,collection-01.webp,"Zoom 80%, crop (72,70,552,710), Royal garnet drape - 80% right drape zoom, mirrored; Mirror: Yes (horizontal flip)",600x800,50.70
product-22.webp,product-06.webp,"Zoom 85%, crop (45,36,555,716), Ophelia beaded gown - 85% bodice & flare zoom; Mirror: No",600x800,25.38
product-23.webp,product-12.webp,"Zoom 85%, crop (45,36,555,716), Veda gold tiered tissue - 85% upper bodice zoom; Mirror: No",600x800,44.30
product-24.webp,product-11.webp,"Zoom 85%, crop (45,36,555,716), Emerald velvet jacket - 85% lapel & tailored fit zoom; Mirror: No",600x800,23.62
product-25.webp,product-08.webp,"Zoom 85%, crop (45,36,555,716), Champagne couture slip & sheer cape - 85% upper body zoom; Mirror: No",600x800,23.83
product-26.webp,collection-07.webp,"Zoom 80%, crop (48,70,528,710), Zardozi craft vest - 80% left embroidery zoom; Mirror: No",600x800,60.57
product-27.webp,product-07.webp,"Zoom 85%, crop (45,36,555,716), Valerie silk slip gown - 85% cowl neckline & pearls zoom; Mirror: No",600x800,10.26
product-28.webp,collection-08.webp,"Zoom 85%, crop (45,48,555,728), Signature royal navy & gold woven coat - 85% torso zoom; Mirror: No",600x800,52.21
product-29.webp,collection-02.webp,"Zoom 80%, crop (60,60,540,700), Tailored ivory blazer dress - 80% lapel & waist zoom, mirrored; Mirror: Yes (horizontal flip)",600x800,15.68
product-30.webp,collection-04.webp,"Zoom 85%, crop (45,48,555,728), Amber gold tissue anarkali - 85% upper kalidar zoom; Mirror: No",600x800,68.14
product-31.webp,product-10.webp,"Zoom 85%, crop (45,36,555,716), Samira fuchsia chevron flare - 85% tunic & stole zoom; Mirror: No",600x800,33.10
product-32.webp,product-12.webp,"Zoom 80%, crop (60,56,540,696), Gold tiered tissue drape - 80% metallic weave detail zoom, mirrored; Mirror: Yes (horizontal flip)",600x800,43.80
product-33.webp,product-04.webp,"Zoom 85%, crop (45,36,555,716), Zahara corset gown - 85% bodice & waist zoom; Mirror: No",600x800,26.97
product-34.webp,hero-01.webp,"Zoom 80%, crop (72,93,648,861), Teal & champagne draped gown - 80% cape silhouette zoom; Mirror: No",600x800,14.58
story-01.webp,collection-06.webp,"Zoom 85%, crop (54,44,546,758), Fluid trench & trousers - 85% upper silhouette zoom; Mirror: No",600x870,17.72
story-02.webp,collection-03.webp,"Zoom 75%, crop (75,157,525,472), Rose gold gala gown - 75% horizontal drape & neckline detail; Mirror: No",800x560,27.57
story-03.webp,collection-07.webp,"Zoom 70%, crop (90,218,510,512), Zardozi craft vest - 70% macro embroidery detail crop; Mirror: No",800x560,53.55
story-04.webp,hero-05.webp,"Zoom 85%, crop (54,77,666,964), Fluid sage silk skirt - 85% motion drape zoom; Mirror: No",600x870,40.62
social-01.webp,collection-05.webp,"Zoom 80%, crop (60,96,540,696), Organic sand linen tunic - 80% relaxed styling zoom; Mirror: No",600x750,19.18
social-02.webp,collection-02.webp,"Zoom 80%, crop (60,84,540,684), Tailored ivory blazer dress - 80% clean silhouette zoom; Mirror: No",600x750,15.02
reel-poster-01.webp,hero-03.webp,"Zoom 85%, crop (102,56,617,974), Hero 03 emerald silk drape - 85% vertical reel zoom; Mirror: No",540x960,50.99
reel-poster-02.webp,hero-04.webp,"Zoom 85%, crop (102,56,617,974), Hero 04 architectural ivory gown - 85% vertical reel zoom; Mirror: No",540x960,16.72
reel-poster-03.webp,hero-05.webp,"Zoom 85%, crop (102,56,617,974), Hero 05 fluid sage pleated drape - 85% vertical reel zoom; Mirror: No",540x960,41.40
reel-poster-04.webp,hero-01.webp,"Zoom 85%, crop (102,56,617,974), Hero 01 teal & champagne gown - 85% vertical reel zoom; Mirror: No",540x960,18.10
reel-poster-05.webp,hero-02.webp,"Zoom 85%, crop (102,56,617,974), Hero 02 sapphire couture gown - 85% vertical reel zoom; Mirror: No",540x960,59.21
reel-poster-06.webp,hero-04.webp,"Zoom 75%, crop (159,108,614,918), Hero 04 architectural ivory gown - 75% zoom, mirrored; Mirror: Yes (horizontal flip)",540x960,17.29
reel-poster-07.webp,hero-03.webp,"Zoom 75%, crop (106,108,561,918), Hero 03 emerald silk drape - 75% zoom, mirrored; Mirror: Yes (horizontal flip)",540x960,52.28
